{
  "attacksPerSecond": 1.0,
  "guid": "crossbow",
  "level_range": {
    "start": 0.0,
    "end": 1.0
  },
  "gear_slot": "crossbow",
  "weight": 1000,
  "weapon_offhand_stat_util": 0,
  "style": "ranged",
  "implicit_stats": [],
  "base_stats": [
    {
      "min": 1.8,
      "max": 3.6,
      "stat": "physical_weapon_damage",
      "type": "FLAT"
    }
  ],
  "weapon_type": "crossbow",
  "tags": {
    "tags": [
      "dexterity",
      "ranger_casting_weapon",
      "crossbow",
      "ranged_weapon",
      "weapon_family"
    ]
  }
}