{
  "attacksPerSecond": 1.2,
  "guid": "scepter",
  "level_range": {
    "start": 0.0,
    "end": 1.0
  },
  "gear_slot": "scepter",
  "weight": 1000,
  "weapon_offhand_stat_util": 0,
  "style": "magic",
  "implicit_stats": [],
  "base_stats": [
    {
      "min": 1.8,
      "max": 3.6,
      "stat": "physical_weapon_damage",
      "type": "FLAT"
    }
  ],
  "weapon_type": "scepter",
  "tags": {
    "tags": [
      "scepter",
      "mage_weapon",
      "weapon_family",
      "melee_weapon",
      "intelligence"
    ]
  }
}