{
  "attacksPerSecond": 1.6,
  "guid": "sword",
  "level_range": {
    "start": 0.0,
    "end": 1.0
  },
  "gear_slot": "sword",
  "weight": 1000,
  "weapon_offhand_stat_util": 15,
  "style": "melee",
  "implicit_stats": [],
  "base_stats": [
    {
      "min": 1.8,
      "max": 3.6,
      "stat": "physical_weapon_damage",
      "type": "FLAT"
    }
  ],
  "weapon_type": "sword",
  "tags": {
    "tags": [
      "dexterity",
      "warrior_casting_weapon",
      "sword",
      "strength",
      "melee_weapon",
      "weapon_family"
    ]
  }
}