{
  "guid": "desolation",
  "loc_name": "Desolation",
  "only_one_per_item": true,
  "weight": 100,
  "requirements": {
    "tag_requirements": [
      {
        "included": [
          "mage_weapon"
        ],
        "excluded": []
      }
    ]
  },
  "tags": [],
  "type": "prefix",
  "stats": [
    {
      "min": 2.0,
      "max": 6.0,
      "stat": "spell_critical_hit",
      "type": "FLAT"
    },
    {
      "min": 3.0,
      "max": 10.0,
      "stat": "spell_critical_damage",
      "type": "FLAT"
    }
  ]
}