{
  "guid": "seraphim",
  "loc_name": "Seraphim\u0027s",
  "only_one_per_item": true,
  "weight": 1000,
  "requirements": {
    "tag_requirements": [
      {
        "included": [
          "armor_family"
        ],
        "excluded": []
      }
    ]
  },
  "tags": [],
  "type": "prefix",
  "stats": [
    {
      "min": 4.0,
      "max": 10.0,
      "stat": "mana",
      "type": "PERCENT"
    },
    {
      "min": 3.0,
      "max": 6.0,
      "stat": "health",
      "type": "PERCENT"
    }
  ]
}