{
  "gem_type": "amethyst",
  "text_format": "DARK_PURPLE",
  "perc_upgrade_chance": 75,
  "on_armor_stats": [
    {
      "v1": 1.0,
      "stat": "intelligence",
      "type": "FLAT",
      "scale_to_lvl": true
    }
  ],
  "on_jewelry_stats": [
    {
      "v1": 1.2,
      "stat": "spell_damage",
      "type": "FLAT",
      "scale_to_lvl": true
    }
  ],
  "on_weapons_stats": [
    {
      "v1": 2.0,
      "stat": "spell_critical_damage",
      "type": "FLAT",
      "scale_to_lvl": true
    }
  ],
  "item_id": "mmorpg:gems/amethyst/1",
  "identifier": "amethyst1",
  "tier": 1,
  "weight": 25999
}