{
  "gem_type": "amethyst",
  "text_format": "DARK_PURPLE",
  "perc_upgrade_chance": 5,
  "on_armor_stats": [
    {
      "v1": 4.0,
      "stat": "intelligence",
      "type": "FLAT",
      "scale_to_lvl": true
    }
  ],
  "on_jewelry_stats": [
    {
      "v1": 4.8,
      "stat": "spell_damage",
      "type": "FLAT",
      "scale_to_lvl": true
    }
  ],
  "on_weapons_stats": [
    {
      "v1": 8.0,
      "stat": "spell_critical_damage",
      "type": "FLAT",
      "scale_to_lvl": true
    }
  ],
  "item_id": "mmorpg:gems/amethyst/5",
  "identifier": "amethyst5",
  "tier": 5,
  "weight": 25
}