{
  "gem_type": "amethyst",
  "text_format": "DARK_PURPLE",
  "perc_upgrade_chance": 0,
  "on_armor_stats": [
    {
      "v1": 5.0,
      "stat": "intelligence",
      "type": "FLAT",
      "scale_to_lvl": true
    }
  ],
  "on_jewelry_stats": [
    {
      "v1": 6.0,
      "stat": "spell_damage",
      "type": "FLAT",
      "scale_to_lvl": true
    }
  ],
  "on_weapons_stats": [
    {
      "v1": 10.0,
      "stat": "spell_critical_damage",
      "type": "FLAT",
      "scale_to_lvl": true
    }
  ],
  "item_id": "mmorpg:gems/amethyst/6",
  "identifier": "amethyst6",
  "tier": 6,
  "weight": 1
}