{
  "gem_type": "azurite",
  "text_format": "AQUA",
  "perc_upgrade_chance": 50,
  "on_armor_stats": [
    {
      "v1": 1.5,
      "stat": "wisdom",
      "type": "FLAT",
      "scale_to_lvl": true
    }
  ],
  "on_jewelry_stats": [
    {
      "v1": 4.5,
      "stat": "mana_regen",
      "type": "PERCENT",
      "scale_to_lvl": true
    }
  ],
  "on_weapons_stats": [
    {
      "v1": 0.90000004,
      "stat": "mana_on_attack_hit",
      "type": "FLAT",
      "scale_to_lvl": true
    }
  ],
  "item_id": "mmorpg:gems/azurite/2",
  "identifier": "azurite2",
  "tier": 2,
  "weight": 5000
}