{
  "gem_type": "azurite",
  "text_format": "AQUA",
  "perc_upgrade_chance": 25,
  "on_armor_stats": [
    {
      "v1": 2.0,
      "stat": "wisdom",
      "type": "FLAT",
      "scale_to_lvl": true
    }
  ],
  "on_jewelry_stats": [
    {
      "v1": 6.0,
      "stat": "mana_regen",
      "type": "PERCENT",
      "scale_to_lvl": true
    }
  ],
  "on_weapons_stats": [
    {
      "v1": 1.2,
      "stat": "mana_on_attack_hit",
      "type": "FLAT",
      "scale_to_lvl": true
    }
  ],
  "item_id": "mmorpg:gems/azurite/3",
  "identifier": "azurite3",
  "tier": 3,
  "weight": 1000
}