{
  "gem_type": "azurite",
  "text_format": "AQUA",
  "perc_upgrade_chance": 0,
  "on_armor_stats": [
    {
      "v1": 5.0,
      "stat": "wisdom",
      "type": "FLAT",
      "scale_to_lvl": true
    }
  ],
  "on_jewelry_stats": [
    {
      "v1": 15.0,
      "stat": "mana_regen",
      "type": "PERCENT",
      "scale_to_lvl": true
    }
  ],
  "on_weapons_stats": [
    {
      "v1": 3.0,
      "stat": "mana_on_attack_hit",
      "type": "FLAT",
      "scale_to_lvl": true
    }
  ],
  "item_id": "mmorpg:gems/azurite/6",
  "identifier": "azurite6",
  "tier": 6,
  "weight": 1
}