{
  "gem_type": "azurite",
  "text_format": "AQUA",
  "perc_upgrade_chance": 5,
  "on_armor_stats": [
    {
      "v1": 4.0,
      "stat": "wisdom",
      "type": "FLAT",
      "scale_to_lvl": true
    }
  ],
  "on_jewelry_stats": [
    {
      "v1": 12.0,
      "stat": "mana_regen",
      "type": "PERCENT",
      "scale_to_lvl": true
    }
  ],
  "on_weapons_stats": [
    {
      "v1": 2.4,
      "stat": "mana_on_attack_hit",
      "type": "FLAT",
      "scale_to_lvl": true
    }
  ],
  "item_id": "mmorpg:gems/azurite/5",
  "identifier": "azurite5",
  "tier": 5,
  "weight": 25
}