{
  "gem_type": "emerald",
  "text_format": "GREEN",
  "perc_upgrade_chance": 10,
  "on_armor_stats": [
    {
      "v1": 7.2000003,
      "stat": "earth_resist",
      "type": "PERCENT",
      "scale_to_lvl": true
    }
  ],
  "on_jewelry_stats": [
    {
      "v1": 6.0,
      "stat": "spell_earth_damage",
      "type": "FLAT",
      "scale_to_lvl": true
    }
  ],
  "on_weapons_stats": [
    {
      "v1": 9.0,
      "stat": "all_earth_damage",
      "type": "FLAT",
      "scale_to_lvl": true
    }
  ],
  "item_id": "mmorpg:gems/emerald/4",
  "identifier": "emerald4",
  "tier": 4,
  "weight": 200
}