{
  "gem_type": "emerald",
  "text_format": "GREEN",
  "perc_upgrade_chance": 50,
  "on_armor_stats": [
    {
      "v1": 3.6000001,
      "stat": "earth_resist",
      "type": "PERCENT",
      "scale_to_lvl": true
    }
  ],
  "on_jewelry_stats": [
    {
      "v1": 3.0,
      "stat": "spell_earth_damage",
      "type": "FLAT",
      "scale_to_lvl": true
    }
  ],
  "on_weapons_stats": [
    {
      "v1": 4.5,
      "stat": "all_earth_damage",
      "type": "FLAT",
      "scale_to_lvl": true
    }
  ],
  "item_id": "mmorpg:gems/emerald/2",
  "identifier": "emerald2",
  "tier": 2,
  "weight": 5000
}