{
  "gem_type": "emerald",
  "text_format": "GREEN",
  "perc_upgrade_chance": 25,
  "on_armor_stats": [
    {
      "v1": 4.8,
      "stat": "earth_resist",
      "type": "PERCENT",
      "scale_to_lvl": true
    }
  ],
  "on_jewelry_stats": [
    {
      "v1": 4.0,
      "stat": "spell_earth_damage",
      "type": "FLAT",
      "scale_to_lvl": true
    }
  ],
  "on_weapons_stats": [
    {
      "v1": 6.0,
      "stat": "all_earth_damage",
      "type": "FLAT",
      "scale_to_lvl": true
    }
  ],
  "item_id": "mmorpg:gems/emerald/3",
  "identifier": "emerald3",
  "tier": 3,
  "weight": 1000
}