{
  "gem_type": "emerald",
  "text_format": "GREEN",
  "perc_upgrade_chance": 100,
  "on_armor_stats": [
    {
      "v1": 1.2,
      "stat": "earth_resist",
      "type": "PERCENT",
      "scale_to_lvl": true
    }
  ],
  "on_jewelry_stats": [
    {
      "v1": 1.0,
      "stat": "spell_earth_damage",
      "type": "FLAT",
      "scale_to_lvl": true
    }
  ],
  "on_weapons_stats": [
    {
      "v1": 1.5,
      "stat": "all_earth_damage",
      "type": "FLAT",
      "scale_to_lvl": true
    }
  ],
  "item_id": "mmorpg:gems/emerald/0",
  "identifier": "emerald0",
  "tier": 0,
  "weight": 100999
}