{
  "gem_type": "emerald",
  "text_format": "GREEN",
  "perc_upgrade_chance": 75,
  "on_armor_stats": [
    {
      "v1": 2.4,
      "stat": "earth_resist",
      "type": "PERCENT",
      "scale_to_lvl": true
    }
  ],
  "on_jewelry_stats": [
    {
      "v1": 2.0,
      "stat": "spell_earth_damage",
      "type": "FLAT",
      "scale_to_lvl": true
    }
  ],
  "on_weapons_stats": [
    {
      "v1": 3.0,
      "stat": "all_earth_damage",
      "type": "FLAT",
      "scale_to_lvl": true
    }
  ],
  "item_id": "mmorpg:gems/emerald/1",
  "identifier": "emerald1",
  "tier": 1,
  "weight": 25999
}