{
  "gem_type": "emerald",
  "text_format": "GREEN",
  "perc_upgrade_chance": 5,
  "on_armor_stats": [
    {
      "v1": 9.6,
      "stat": "earth_resist",
      "type": "PERCENT",
      "scale_to_lvl": true
    }
  ],
  "on_jewelry_stats": [
    {
      "v1": 8.0,
      "stat": "spell_earth_damage",
      "type": "FLAT",
      "scale_to_lvl": true
    }
  ],
  "on_weapons_stats": [
    {
      "v1": 12.0,
      "stat": "all_earth_damage",
      "type": "FLAT",
      "scale_to_lvl": true
    }
  ],
  "item_id": "mmorpg:gems/emerald/5",
  "identifier": "emerald5",
  "tier": 5,
  "weight": 25
}