{
  "gem_type": "emerald",
  "text_format": "GREEN",
  "perc_upgrade_chance": 0,
  "on_armor_stats": [
    {
      "v1": 12.0,
      "stat": "earth_resist",
      "type": "PERCENT",
      "scale_to_lvl": true
    }
  ],
  "on_jewelry_stats": [
    {
      "v1": 10.0,
      "stat": "spell_earth_damage",
      "type": "FLAT",
      "scale_to_lvl": true
    }
  ],
  "on_weapons_stats": [
    {
      "v1": 15.0,
      "stat": "all_earth_damage",
      "type": "FLAT",
      "scale_to_lvl": true
    }
  ],
  "item_id": "mmorpg:gems/emerald/6",
  "identifier": "emerald6",
  "tier": 6,
  "weight": 1
}