{
  "gem_type": "garnet",
  "text_format": "GREEN",
  "perc_upgrade_chance": 10,
  "on_armor_stats": [
    {
      "v1": 3.0,
      "stat": "dexterity",
      "type": "FLAT",
      "scale_to_lvl": true
    }
  ],
  "on_jewelry_stats": [
    {
      "v1": 9.0,
      "stat": "energy_regen",
      "type": "PERCENT",
      "scale_to_lvl": true
    }
  ],
  "on_weapons_stats": [
    {
      "v1": 4.8,
      "stat": "critical_hit",
      "type": "FLAT",
      "scale_to_lvl": true
    }
  ],
  "item_id": "mmorpg:gems/garnet/4",
  "identifier": "garnet4",
  "tier": 4,
  "weight": 200
}