{
  "gem_type": "garnet",
  "text_format": "GREEN",
  "perc_upgrade_chance": 0,
  "on_armor_stats": [
    {
      "v1": 5.0,
      "stat": "dexterity",
      "type": "FLAT",
      "scale_to_lvl": true
    }
  ],
  "on_jewelry_stats": [
    {
      "v1": 15.0,
      "stat": "energy_regen",
      "type": "PERCENT",
      "scale_to_lvl": true
    }
  ],
  "on_weapons_stats": [
    {
      "v1": 8.0,
      "stat": "critical_hit",
      "type": "FLAT",
      "scale_to_lvl": true
    }
  ],
  "item_id": "mmorpg:gems/garnet/6",
  "identifier": "garnet6",
  "tier": 6,
  "weight": 1
}