{
  "gem_type": "garnet",
  "text_format": "GREEN",
  "perc_upgrade_chance": 50,
  "on_armor_stats": [
    {
      "v1": 1.5,
      "stat": "dexterity",
      "type": "FLAT",
      "scale_to_lvl": true
    }
  ],
  "on_jewelry_stats": [
    {
      "v1": 4.5,
      "stat": "energy_regen",
      "type": "PERCENT",
      "scale_to_lvl": true
    }
  ],
  "on_weapons_stats": [
    {
      "v1": 2.4,
      "stat": "critical_hit",
      "type": "FLAT",
      "scale_to_lvl": true
    }
  ],
  "item_id": "mmorpg:gems/garnet/2",
  "identifier": "garnet2",
  "tier": 2,
  "weight": 5000
}