{
  "gem_type": "garnet",
  "text_format": "GREEN",
  "perc_upgrade_chance": 100,
  "on_armor_stats": [
    {
      "v1": 0.5,
      "stat": "dexterity",
      "type": "FLAT",
      "scale_to_lvl": true
    }
  ],
  "on_jewelry_stats": [
    {
      "v1": 1.5,
      "stat": "energy_regen",
      "type": "PERCENT",
      "scale_to_lvl": true
    }
  ],
  "on_weapons_stats": [
    {
      "v1": 0.8,
      "stat": "critical_hit",
      "type": "FLAT",
      "scale_to_lvl": true
    }
  ],
  "item_id": "mmorpg:gems/garnet/0",
  "identifier": "garnet0",
  "tier": 0,
  "weight": 100999
}