{
  "gem_type": "garnet",
  "text_format": "GREEN",
  "perc_upgrade_chance": 75,
  "on_armor_stats": [
    {
      "v1": 1.0,
      "stat": "dexterity",
      "type": "FLAT",
      "scale_to_lvl": true
    }
  ],
  "on_jewelry_stats": [
    {
      "v1": 3.0,
      "stat": "energy_regen",
      "type": "PERCENT",
      "scale_to_lvl": true
    }
  ],
  "on_weapons_stats": [
    {
      "v1": 1.6,
      "stat": "critical_hit",
      "type": "FLAT",
      "scale_to_lvl": true
    }
  ],
  "item_id": "mmorpg:gems/garnet/1",
  "identifier": "garnet1",
  "tier": 1,
  "weight": 25999
}