{
  "gem_type": "garnet",
  "text_format": "GREEN",
  "perc_upgrade_chance": 5,
  "on_armor_stats": [
    {
      "v1": 4.0,
      "stat": "dexterity",
      "type": "FLAT",
      "scale_to_lvl": true
    }
  ],
  "on_jewelry_stats": [
    {
      "v1": 12.0,
      "stat": "energy_regen",
      "type": "PERCENT",
      "scale_to_lvl": true
    }
  ],
  "on_weapons_stats": [
    {
      "v1": 6.4,
      "stat": "critical_hit",
      "type": "FLAT",
      "scale_to_lvl": true
    }
  ],
  "item_id": "mmorpg:gems/garnet/5",
  "identifier": "garnet5",
  "tier": 5,
  "weight": 25
}