{
  "gem_type": "opal",
  "text_format": "GOLD",
  "perc_upgrade_chance": 0,
  "on_armor_stats": [
    {
      "v1": 5.0,
      "stat": "strength",
      "type": "FLAT",
      "scale_to_lvl": true
    }
  ],
  "on_jewelry_stats": [
    {
      "v1": 6.0,
      "stat": "critical_hit",
      "type": "FLAT",
      "scale_to_lvl": true
    }
  ],
  "on_weapons_stats": [
    {
      "v1": 12.0,
      "stat": "critical_damage",
      "type": "FLAT",
      "scale_to_lvl": true
    }
  ],
  "item_id": "mmorpg:gems/opal/6",
  "identifier": "opal6",
  "tier": 6,
  "weight": 1
}