{
  "gem_type": "opal",
  "text_format": "GOLD",
  "perc_upgrade_chance": 50,
  "on_armor_stats": [
    {
      "v1": 1.5,
      "stat": "strength",
      "type": "FLAT",
      "scale_to_lvl": true
    }
  ],
  "on_jewelry_stats": [
    {
      "v1": 1.8000001,
      "stat": "critical_hit",
      "type": "FLAT",
      "scale_to_lvl": true
    }
  ],
  "on_weapons_stats": [
    {
      "v1": 3.6000001,
      "stat": "critical_damage",
      "type": "FLAT",
      "scale_to_lvl": true
    }
  ],
  "item_id": "mmorpg:gems/opal/2",
  "identifier": "opal2",
  "tier": 2,
  "weight": 5000
}