{
  "gem_type": "opal",
  "text_format": "GOLD",
  "perc_upgrade_chance": 25,
  "on_armor_stats": [
    {
      "v1": 2.0,
      "stat": "strength",
      "type": "FLAT",
      "scale_to_lvl": true
    }
  ],
  "on_jewelry_stats": [
    {
      "v1": 2.4,
      "stat": "critical_hit",
      "type": "FLAT",
      "scale_to_lvl": true
    }
  ],
  "on_weapons_stats": [
    {
      "v1": 4.8,
      "stat": "critical_damage",
      "type": "FLAT",
      "scale_to_lvl": true
    }
  ],
  "item_id": "mmorpg:gems/opal/3",
  "identifier": "opal3",
  "tier": 3,
  "weight": 1000
}