{
  "gem_type": "ruby",
  "text_format": "RED",
  "perc_upgrade_chance": 100,
  "on_armor_stats": [
    {
      "v1": 1.2,
      "stat": "fire_resist",
      "type": "PERCENT",
      "scale_to_lvl": true
    }
  ],
  "on_jewelry_stats": [
    {
      "v1": 1.0,
      "stat": "spell_fire_damage",
      "type": "FLAT",
      "scale_to_lvl": true
    }
  ],
  "on_weapons_stats": [
    {
      "v1": 1.5,
      "stat": "all_fire_damage",
      "type": "FLAT",
      "scale_to_lvl": true
    }
  ],
  "item_id": "mmorpg:gems/ruby/0",
  "identifier": "ruby0",
  "tier": 0,
  "weight": 100999
}