{
  "gem_type": "ruby",
  "text_format": "RED",
  "perc_upgrade_chance": 25,
  "on_armor_stats": [
    {
      "v1": 4.8,
      "stat": "fire_resist",
      "type": "PERCENT",
      "scale_to_lvl": true
    }
  ],
  "on_jewelry_stats": [
    {
      "v1": 4.0,
      "stat": "spell_fire_damage",
      "type": "FLAT",
      "scale_to_lvl": true
    }
  ],
  "on_weapons_stats": [
    {
      "v1": 6.0,
      "stat": "all_fire_damage",
      "type": "FLAT",
      "scale_to_lvl": true
    }
  ],
  "item_id": "mmorpg:gems/ruby/3",
  "identifier": "ruby3",
  "tier": 3,
  "weight": 1000
}