{
  "gem_type": "ruby",
  "text_format": "RED",
  "perc_upgrade_chance": 75,
  "on_armor_stats": [
    {
      "v1": 2.4,
      "stat": "fire_resist",
      "type": "PERCENT",
      "scale_to_lvl": true
    }
  ],
  "on_jewelry_stats": [
    {
      "v1": 2.0,
      "stat": "spell_fire_damage",
      "type": "FLAT",
      "scale_to_lvl": true
    }
  ],
  "on_weapons_stats": [
    {
      "v1": 3.0,
      "stat": "all_fire_damage",
      "type": "FLAT",
      "scale_to_lvl": true
    }
  ],
  "item_id": "mmorpg:gems/ruby/1",
  "identifier": "ruby1",
  "tier": 1,
  "weight": 25999
}