{
  "gem_type": "ruby",
  "text_format": "RED",
  "perc_upgrade_chance": 0,
  "on_armor_stats": [
    {
      "v1": 12.0,
      "stat": "fire_resist",
      "type": "PERCENT",
      "scale_to_lvl": true
    }
  ],
  "on_jewelry_stats": [
    {
      "v1": 10.0,
      "stat": "spell_fire_damage",
      "type": "FLAT",
      "scale_to_lvl": true
    }
  ],
  "on_weapons_stats": [
    {
      "v1": 15.0,
      "stat": "all_fire_damage",
      "type": "FLAT",
      "scale_to_lvl": true
    }
  ],
  "item_id": "mmorpg:gems/ruby/6",
  "identifier": "ruby6",
  "tier": 6,
  "weight": 1
}