{
  "gem_type": "sapphire",
  "text_format": "BLUE",
  "perc_upgrade_chance": 25,
  "on_armor_stats": [
    {
      "v1": 4.8,
      "stat": "water_resist",
      "type": "PERCENT",
      "scale_to_lvl": true
    }
  ],
  "on_jewelry_stats": [
    {
      "v1": 4.0,
      "stat": "spell_water_damage",
      "type": "FLAT",
      "scale_to_lvl": true
    }
  ],
  "on_weapons_stats": [
    {
      "v1": 6.0,
      "stat": "all_water_damage",
      "type": "FLAT",
      "scale_to_lvl": true
    }
  ],
  "item_id": "mmorpg:gems/sapphire/3",
  "identifier": "sapphire3",
  "tier": 3,
  "weight": 1000
}