{
  "gem_type": "sapphire",
  "text_format": "BLUE",
  "perc_upgrade_chance": 100,
  "on_armor_stats": [
    {
      "v1": 1.2,
      "stat": "water_resist",
      "type": "PERCENT",
      "scale_to_lvl": true
    }
  ],
  "on_jewelry_stats": [
    {
      "v1": 1.0,
      "stat": "spell_water_damage",
      "type": "FLAT",
      "scale_to_lvl": true
    }
  ],
  "on_weapons_stats": [
    {
      "v1": 1.5,
      "stat": "all_water_damage",
      "type": "FLAT",
      "scale_to_lvl": true
    }
  ],
  "item_id": "mmorpg:gems/sapphire/0",
  "identifier": "sapphire0",
  "tier": 0,
  "weight": 100999
}