{
  "gem_type": "sapphire",
  "text_format": "BLUE",
  "perc_upgrade_chance": 50,
  "on_armor_stats": [
    {
      "v1": 3.6000001,
      "stat": "water_resist",
      "type": "PERCENT",
      "scale_to_lvl": true
    }
  ],
  "on_jewelry_stats": [
    {
      "v1": 3.0,
      "stat": "spell_water_damage",
      "type": "FLAT",
      "scale_to_lvl": true
    }
  ],
  "on_weapons_stats": [
    {
      "v1": 4.5,
      "stat": "all_water_damage",
      "type": "FLAT",
      "scale_to_lvl": true
    }
  ],
  "item_id": "mmorpg:gems/sapphire/2",
  "identifier": "sapphire2",
  "tier": 2,
  "weight": 5000
}