{
  "gem_type": "sapphire",
  "text_format": "BLUE",
  "perc_upgrade_chance": 10,
  "on_armor_stats": [
    {
      "v1": 7.2000003,
      "stat": "water_resist",
      "type": "PERCENT",
      "scale_to_lvl": true
    }
  ],
  "on_jewelry_stats": [
    {
      "v1": 6.0,
      "stat": "spell_water_damage",
      "type": "FLAT",
      "scale_to_lvl": true
    }
  ],
  "on_weapons_stats": [
    {
      "v1": 9.0,
      "stat": "all_water_damage",
      "type": "FLAT",
      "scale_to_lvl": true
    }
  ],
  "item_id": "mmorpg:gems/sapphire/4",
  "identifier": "sapphire4",
  "tier": 4,
  "weight": 200
}