{
  "gem_type": "sapphire",
  "text_format": "BLUE",
  "perc_upgrade_chance": 75,
  "on_armor_stats": [
    {
      "v1": 2.4,
      "stat": "water_resist",
      "type": "PERCENT",
      "scale_to_lvl": true
    }
  ],
  "on_jewelry_stats": [
    {
      "v1": 2.0,
      "stat": "spell_water_damage",
      "type": "FLAT",
      "scale_to_lvl": true
    }
  ],
  "on_weapons_stats": [
    {
      "v1": 3.0,
      "stat": "all_water_damage",
      "type": "FLAT",
      "scale_to_lvl": true
    }
  ],
  "item_id": "mmorpg:gems/sapphire/1",
  "identifier": "sapphire1",
  "tier": 1,
  "weight": 25999
}