{
  "gem_type": "topaz",
  "text_format": "YELLOW",
  "perc_upgrade_chance": 50,
  "on_armor_stats": [
    {
      "v1": 1.5,
      "stat": "agility",
      "type": "FLAT",
      "scale_to_lvl": true
    }
  ],
  "on_jewelry_stats": [
    {
      "v1": 4.5,
      "stat": "energy",
      "type": "PERCENT",
      "scale_to_lvl": true
    }
  ],
  "on_weapons_stats": [
    {
      "v1": 0.90000004,
      "stat": "energy_on_all_hit",
      "type": "FLAT",
      "scale_to_lvl": true
    }
  ],
  "item_id": "mmorpg:gems/topaz/2",
  "identifier": "topaz2",
  "tier": 2,
  "weight": 5000
}