{
  "gem_type": "topaz",
  "text_format": "YELLOW",
  "perc_upgrade_chance": 5,
  "on_armor_stats": [
    {
      "v1": 4.0,
      "stat": "agility",
      "type": "FLAT",
      "scale_to_lvl": true
    }
  ],
  "on_jewelry_stats": [
    {
      "v1": 12.0,
      "stat": "energy",
      "type": "PERCENT",
      "scale_to_lvl": true
    }
  ],
  "on_weapons_stats": [
    {
      "v1": 2.4,
      "stat": "energy_on_all_hit",
      "type": "FLAT",
      "scale_to_lvl": true
    }
  ],
  "item_id": "mmorpg:gems/topaz/5",
  "identifier": "topaz5",
  "tier": 5,
  "weight": 25
}