{
  "gem_type": "topaz",
  "text_format": "YELLOW",
  "perc_upgrade_chance": 100,
  "on_armor_stats": [
    {
      "v1": 0.5,
      "stat": "agility",
      "type": "FLAT",
      "scale_to_lvl": true
    }
  ],
  "on_jewelry_stats": [
    {
      "v1": 1.5,
      "stat": "energy",
      "type": "PERCENT",
      "scale_to_lvl": true
    }
  ],
  "on_weapons_stats": [
    {
      "v1": 0.3,
      "stat": "energy_on_all_hit",
      "type": "FLAT",
      "scale_to_lvl": true
    }
  ],
  "item_id": "mmorpg:gems/topaz/0",
  "identifier": "topaz0",
  "tier": 0,
  "weight": 100999
}