{
  "gem_type": "topaz",
  "text_format": "YELLOW",
  "perc_upgrade_chance": 75,
  "on_armor_stats": [
    {
      "v1": 1.0,
      "stat": "agility",
      "type": "FLAT",
      "scale_to_lvl": true
    }
  ],
  "on_jewelry_stats": [
    {
      "v1": 3.0,
      "stat": "energy",
      "type": "PERCENT",
      "scale_to_lvl": true
    }
  ],
  "on_weapons_stats": [
    {
      "v1": 0.6,
      "stat": "energy_on_all_hit",
      "type": "FLAT",
      "scale_to_lvl": true
    }
  ],
  "item_id": "mmorpg:gems/topaz/1",
  "identifier": "topaz1",
  "tier": 1,
  "weight": 25999
}