{
  "gem_type": "topaz",
  "text_format": "YELLOW",
  "perc_upgrade_chance": 25,
  "on_armor_stats": [
    {
      "v1": 2.0,
      "stat": "agility",
      "type": "FLAT",
      "scale_to_lvl": true
    }
  ],
  "on_jewelry_stats": [
    {
      "v1": 6.0,
      "stat": "energy",
      "type": "PERCENT",
      "scale_to_lvl": true
    }
  ],
  "on_weapons_stats": [
    {
      "v1": 1.2,
      "stat": "energy_on_all_hit",
      "type": "FLAT",
      "scale_to_lvl": true
    }
  ],
  "item_id": "mmorpg:gems/topaz/3",
  "identifier": "topaz3",
  "tier": 3,
  "weight": 1000
}