{
  "gem_type": "topaz",
  "text_format": "YELLOW",
  "perc_upgrade_chance": 10,
  "on_armor_stats": [
    {
      "v1": 3.0,
      "stat": "agility",
      "type": "FLAT",
      "scale_to_lvl": true
    }
  ],
  "on_jewelry_stats": [
    {
      "v1": 9.0,
      "stat": "energy",
      "type": "PERCENT",
      "scale_to_lvl": true
    }
  ],
  "on_weapons_stats": [
    {
      "v1": 1.8000001,
      "stat": "energy_on_all_hit",
      "type": "FLAT",
      "scale_to_lvl": true
    }
  ],
  "item_id": "mmorpg:gems/topaz/4",
  "identifier": "topaz4",
  "tier": 4,
  "weight": 200
}