{
  "gem_type": "tourmaline",
  "text_format": "LIGHT_PURPLE",
  "perc_upgrade_chance": 0,
  "on_armor_stats": [
    {
      "v1": 5.0,
      "stat": "vitality",
      "type": "FLAT",
      "scale_to_lvl": true
    }
  ],
  "on_jewelry_stats": [
    {
      "v1": 15.0,
      "stat": "health_regen",
      "type": "PERCENT",
      "scale_to_lvl": true
    }
  ],
  "on_weapons_stats": [
    {
      "v1": 5.0,
      "stat": "lifesteal",
      "type": "FLAT",
      "scale_to_lvl": true
    }
  ],
  "item_id": "mmorpg:gems/tourmaline/6",
  "identifier": "tourmaline6",
  "tier": 6,
  "weight": 1
}