{
  "gem_type": "tourmaline",
  "text_format": "LIGHT_PURPLE",
  "perc_upgrade_chance": 25,
  "on_armor_stats": [
    {
      "v1": 2.0,
      "stat": "vitality",
      "type": "FLAT",
      "scale_to_lvl": true
    }
  ],
  "on_jewelry_stats": [
    {
      "v1": 6.0,
      "stat": "health_regen",
      "type": "PERCENT",
      "scale_to_lvl": true
    }
  ],
  "on_weapons_stats": [
    {
      "v1": 2.0,
      "stat": "lifesteal",
      "type": "FLAT",
      "scale_to_lvl": true
    }
  ],
  "item_id": "mmorpg:gems/tourmaline/3",
  "identifier": "tourmaline3",
  "tier": 3,
  "weight": 1000
}