{
  "gem_type": "tourmaline",
  "text_format": "LIGHT_PURPLE",
  "perc_upgrade_chance": 100,
  "on_armor_stats": [
    {
      "v1": 0.5,
      "stat": "vitality",
      "type": "FLAT",
      "scale_to_lvl": true
    }
  ],
  "on_jewelry_stats": [
    {
      "v1": 1.5,
      "stat": "health_regen",
      "type": "PERCENT",
      "scale_to_lvl": true
    }
  ],
  "on_weapons_stats": [
    {
      "v1": 0.5,
      "stat": "lifesteal",
      "type": "FLAT",
      "scale_to_lvl": true
    }
  ],
  "item_id": "mmorpg:gems/tourmaline/0",
  "identifier": "tourmaline0",
  "tier": 0,
  "weight": 100999
}