{
  "id": "endergem",
  "item_id": "mmorpg:ingredient/endergem",
  "oaok": "artifact",
  "weight": 100,
  "rar": "epic",
  "stats": [
    {
      "min": 2.0,
      "max": 2.0,
      "stat": "random_craft_stat",
      "type": "FLAT"
    },
    {
      "min": 1.0,
      "max": 1.0,
      "stat": "inc_min_rar_craft",
      "type": "FLAT"
    },
    {
      "min": -25.0,
      "max": -25.0,
      "stat": "craft_suc_chance",
      "type": "FLAT"
    },
    {
      "min": 20.0,
      "max": 20.0,
      "stat": "touch_this",
      "type": "FLAT"
    }
  ],
  "allowed_in": [
    "jewel_craft",
    "wep_craft",
    "armor_craft",
    "alchemy",
    "cooking",
    "inscribing"
  ]
}