{
  "item_model_data_num": 4,
  "drops_after_tier": -1,
  "affixes": 4,
  "unbreaking_chance": 50,
  "rar_ess_per_sal": 0,
  "default_stat_percents": {
    "min": 0,
    "max": 100
  },
  "affix_stat_percents": {
    "min": 0,
    "max": 100
  },
  "unique_stat_percents": {
    "min": 0,
    "max": 100
  },
  "base_stat_percents": {
    "min": 0,
    "max": 100
  },
  "dust_per_sal": {
    "min": 2,
    "max": 3
  },
  "item_tier": 3,
  "item_tier_power": 1.7,
  "item_value_multi": 1.7,
  "announce_in_chat": false,
  "is_unique_item": false,
  "rarity_type": "GEAR",
  "weight": 100,
  "text_format": "LIGHT_PURPLE",
  "higher_rar": "",
  "guid": "epic"
}