{
  "item_model_data_num": 5,
  "drops_after_tier": -1,
  "affixes": 5,
  "unbreaking_chance": 70,
  "rar_ess_per_sal": 0,
  "default_stat_percents": {
    "min": 0,
    "max": 100
  },
  "affix_stat_percents": {
    "min": 0,
    "max": 100
  },
  "unique_stat_percents": {
    "min": 0,
    "max": 100
  },
  "base_stat_percents": {
    "min": 0,
    "max": 100
  },
  "dust_per_sal": {
    "min": 3,
    "max": 5
  },
  "item_tier": 4,
  "item_tier_power": 2.0,
  "item_value_multi": 2.0,
  "announce_in_chat": false,
  "is_unique_item": false,
  "rarity_type": "GEAR",
  "weight": 20,
  "text_format": "GOLD",
  "higher_rar": "",
  "guid": "legendary"
}