{
  "item_model_data_num": 3,
  "drops_after_tier": -1,
  "affixes": 2,
  "unbreaking_chance": 25,
  "rar_ess_per_sal": 1,
  "default_stat_percents": {
    "min": 0,
    "max": 100
  },
  "affix_stat_percents": {
    "min": 0,
    "max": 100
  },
  "unique_stat_percents": {
    "min": 0,
    "max": 100
  },
  "base_stat_percents": {
    "min": 0,
    "max": 100
  },
  "dust_per_sal": {
    "min": 2,
    "max": 2
  },
  "item_tier": 2,
  "item_tier_power": 1.5,
  "item_value_multi": 1.5,
  "announce_in_chat": false,
  "is_unique_item": false,
  "rarity_type": "GEAR",
  "weight": 300,
  "text_format": "AQUA",
  "higher_rar": "epic",
  "guid": "rare"
}