{
  "item_model_data_num": 2,
  "drops_after_tier": -1,
  "affixes": 1,
  "unbreaking_chance": 10,
  "rar_ess_per_sal": 1,
  "default_stat_percents": {
    "min": 0,
    "max": 100
  },
  "affix_stat_percents": {
    "min": 0,
    "max": 100
  },
  "unique_stat_percents": {
    "min": 0,
    "max": 100
  },
  "base_stat_percents": {
    "min": 0,
    "max": 100
  },
  "dust_per_sal": {
    "min": 1,
    "max": 2
  },
  "item_tier": 1,
  "item_tier_power": 1.25,
  "item_value_multi": 1.25,
  "announce_in_chat": false,
  "is_unique_item": false,
  "rarity_type": "GEAR",
  "weight": 2000,
  "text_format": "GREEN",
  "higher_rar": "rare",
  "guid": "uncommon"
}