{
  "item_model_data_num": -1,
  "drops_after_tier": -1,
  "affixes": 0,
  "unbreaking_chance": 50,
  "rar_ess_per_sal": 0,
  "default_stat_percents": {
    "min": 0,
    "max": 100
  },
  "affix_stat_percents": {
    "min": 0,
    "max": 100
  },
  "unique_stat_percents": {
    "min": 0,
    "max": 100
  },
  "base_stat_percents": {
    "min": 0,
    "max": 100
  },
  "dust_per_sal": {
    "min": 5,
    "max": 5
  },
  "item_tier": 5,
  "item_tier_power": 2.0,
  "item_value_multi": 2.0,
  "announce_in_chat": true,
  "is_unique_item": true,
  "rarity_type": "GEAR",
  "weight": 25,
  "text_format": "RED",
  "higher_rar": "",
  "guid": "unique"
}