{
  "id": "negative/1",
  "one_of_a_kind_id": "",
  "type": "negative",
  "max_stacks": 1,
  "tags": [
    "negative",
    "immobilizing"
  ],
  "mc_stats": [
    {
      "val": -1.0,
      "uuid": "bd9d32fa-c8c2-455c-92aa-4a94c2a70cd5",
      "id": "minecraft:generic.movement_speed",
      "type": "GLOBAL_INCREASE"
    }
  ],
  "stats": [],
  "spell": {
    "on_cast": [],
    "entity_components": {
      "default_entity_name": [
        {
          "targets": [],
          "acts": [
            {
              "type": "particles_in_radius",
              "map": {
                "particle_type": "minecraft:item_slime",
                "motion": "None",
                "radius": 1.0,
                "particle_count": 10.0
              }
            }
          ],
          "ifs": [
            {
              "type": "x_ticks_condition",
              "map": {
                "tick_rate": 20.0
              }
            }
          ],
          "en_preds": []
        },
        {
          "targets": [
            {
              "type": "target",
              "map": {}
            }
          ],
          "acts": [
            {
              "type": "damage",
              "map": {
                "value_calculation": "petrify",
                "element": "Earth"
              }
            }
          ],
          "ifs": [
            {
              "type": "on_entity_expire",
              "map": {}
            }
          ],
          "en_preds": []
        },
        {
          "targets": [],
          "acts": [
            {
              "type": "particles_in_radius",
              "map": {
                "particle_type": "minecraft:cloud",
                "motion": "None",
                "radius": 1.0,
                "particle_count": 15.0
              }
            }
          ],
          "ifs": [
            {
              "type": "on_entity_expire",
              "map": {}
            }
          ],
          "en_preds": []
        },
        {
          "targets": [],
          "acts": [
            {
              "type": "sound",
              "map": {
                "volume": 1.0,
                "sound": "minecraft:entity.sheep.shear",
                "pitch": 1.0
              }
            }
          ],
          "ifs": [
            {
              "type": "on_entity_expire",
              "map": {}
            }
          ],
          "en_preds": []
        }
      ]
    }
  }
}