{
  "id": "negative/15",
  "one_of_a_kind_id": "",
  "type": "negative",
  "max_stacks": 1,
  "tags": [
    "negative",
    "curse"
  ],
  "mc_stats": [],
  "stats": [
    {
      "min": -10.0,
      "max": -20.0,
      "stat": "total_damage",
      "type": "FLAT"
    }
  ],
  "spell": {
    "on_cast": [],
    "entity_components": {
      "default_entity_name": [
        {
          "targets": [
            {
              "type": "target",
              "map": {}
            }
          ],
          "acts": [
            {
              "type": "damage",
              "map": {
                "value_calculation": "despair",
                "element": "Elemental"
              }
            }
          ],
          "ifs": [
            {
              "type": "on_entity_expire",
              "map": {}
            }
          ],
          "en_preds": []
        },
        {
          "targets": [],
          "acts": [
            {
              "type": "particles_in_radius",
              "map": {
                "particle_type": "minecraft:witch",
                "motion": "None",
                "radius": 0.5,
                "particle_count": 2.0
              }
            }
          ],
          "ifs": [
            {
              "type": "x_ticks_condition",
              "map": {
                "tick_rate": 20.0
              }
            }
          ],
          "en_preds": []
        }
      ]
    }
  }
}