{
  "id": "negative/2",
  "one_of_a_kind_id": "",
  "type": "negative",
  "max_stacks": 5,
  "tags": [
    "negative"
  ],
  "mc_stats": [
    {
      "val": -0.1,
      "uuid": "bd9d32fa-c8c2-455c-92aa-4a94c2a70cd8",
      "id": "minecraft:generic.movement_speed",
      "type": "GLOBAL_INCREASE"
    }
  ],
  "stats": [],
  "spell": {
    "on_cast": [],
    "entity_components": {
      "default_entity_name": [
        {
          "targets": [],
          "acts": [
            {
              "type": "particles_in_radius",
              "map": {
                "particle_type": "minecraft:item_snowball",
                "motion": "None",
                "radius": 1.0,
                "particle_count": 10.0
              }
            }
          ],
          "ifs": [
            {
              "type": "x_ticks_condition",
              "map": {
                "tick_rate": 10.0
              }
            }
          ],
          "en_preds": []
        }
      ]
    }
  }
}