{
  "id": "negative/3",
  "one_of_a_kind_id": "",
  "type": "negative",
  "max_stacks": 5,
  "tags": [
    "negative"
  ],
  "mc_stats": [],
  "stats": [
    {
      "min": -5.0,
      "max": -5.0,
      "stat": "elemental_resist",
      "type": "PERCENT"
    }
  ],
  "spell": {
    "on_cast": [],
    "entity_components": {
      "default_entity_name": [
        {
          "targets": [
            {
              "type": "target",
              "map": {}
            }
          ],
          "acts": [
            {
              "type": "damage",
              "map": {
                "exile_potion_id": "negative/3",
                "dmg_effect_type": "dot",
                "value_calculation": "poison",
                "element": "Earth"
              }
            }
          ],
          "ifs": [
            {
              "type": "x_ticks_condition",
              "map": {
                "tick_rate": 20.0
              }
            }
          ],
          "en_preds": []
        },
        {
          "targets": [],
          "acts": [
            {
              "type": "particles_in_radius",
              "map": {
                "particle_type": "minecraft:sneeze",
                "motion": "None",
                "radius": 1.0,
                "particle_count": 1.0
              }
            }
          ],
          "ifs": [
            {
              "type": "x_ticks_condition",
              "map": {
                "tick_rate": 2.0
              }
            }
          ],
          "en_preds": []
        }
      ]
    }
  }
}