{
  "id": "negative/5",
  "one_of_a_kind_id": "",
  "type": "negative",
  "max_stacks": 5,
  "tags": [
    "negative"
  ],
  "mc_stats": [],
  "stats": [],
  "spell": {
    "on_cast": [],
    "entity_components": {
      "default_entity_name": [
        {
          "targets": [
            {
              "type": "target",
              "map": {}
            }
          ],
          "acts": [
            {
              "type": "damage",
              "map": {
                "exile_potion_id": "negative/5",
                "dmg_effect_type": "dot",
                "value_calculation": "burn",
                "element": "Fire"
              }
            }
          ],
          "ifs": [
            {
              "type": "x_ticks_condition",
              "map": {
                "tick_rate": 20.0
              }
            }
          ],
          "en_preds": []
        },
        {
          "targets": [],
          "acts": [
            {
              "type": "particles_in_radius",
              "map": {
                "particle_type": "minecraft:flame",
                "motion": "None",
                "radius": 1.0,
                "particle_count": 10.0
              }
            }
          ],
          "ifs": [
            {
              "type": "x_ticks_condition",
              "map": {
                "tick_rate": 20.0
              }
            }
          ],
          "en_preds": []
        },
        {
          "targets": [],
          "acts": [
            {
              "type": "sound",
              "map": {
                "volume": 0.5,
                "sound": "minecraft:block.campfire.crackle",
                "pitch": 1.0
              }
            }
          ],
          "ifs": [
            {
              "type": "x_ticks_condition",
              "map": {
                "tick_rate": 20.0
              }
            }
          ],
          "en_preds": []
        }
      ]
    }
  }
}