{
  "id": "beneficial/1",
  "one_of_a_kind_id": "",
  "type": "beneficial",
  "max_stacks": 1,
  "tags": [
    "positive"
  ],
  "mc_stats": [],
  "stats": [],
  "spell": {
    "on_cast": [],
    "entity_components": {
      "default_entity_name": [
        {
          "targets": [
            {
              "type": "self",
              "map": {}
            }
          ],
          "acts": [
            {
              "type": "potion",
              "map": {
                "potion_action": "REMOVE_STACKS",
                "potion_id": "minecraft:poison",
                "count": 1.0
              }
            }
          ],
          "ifs": [
            {
              "type": "x_ticks_condition",
              "map": {
                "tick_rate": 10.0
              }
            }
          ],
          "en_preds": []
        }
      ]
    }
  }
}