{
  "id": "beneficial/19",
  "one_of_a_kind_id": "",
  "type": "beneficial",
  "max_stacks": 3,
  "tags": [
    "positive",
    "song",
    "defensive"
  ],
  "mc_stats": [],
  "stats": [
    {
      "min": -3.0,
      "max": -6.0,
      "stat": "melee_dmg_received",
      "type": "FLAT"
    },
    {
      "min": -3.0,
      "max": -6.0,
      "stat": "ranged_dmg_received",
      "type": "FLAT"
    },
    {
      "min": -3.0,
      "max": -6.0,
      "stat": "magic_dmg_received",
      "type": "FLAT"
    }
  ]
}