{
  "id": "beneficial/32",
  "one_of_a_kind_id": "",
  "type": "beneficial",
  "max_stacks": 1,
  "tags": [
    "positive",
    "offensive"
  ],
  "mc_stats": [
    {
      "val": 0.75,
      "uuid": "116a0931-d576-4721-b286-8d11de1ee42b",
      "id": "minecraft:generic.knockback_resistance",
      "type": "FLAT"
    },
    {
      "val": 1.2,
      "uuid": "136a0931-d576-4721-b286-8d11de1ee42b",
      "id": "minecraft:generic.movement_speed",
      "type": "PERCENT"
    }
  ],
  "stats": [],
  "spell": {
    "on_cast": [],
    "entity_components": {
      "default_entity_name": [
        {
          "targets": [],
          "acts": [
            {
              "type": "particles_in_radius",
              "map": {
                "particle_type": "minecraft:witch",
                "motion": "None",
                "radius": 1.0,
                "particle_count": 5.0
              }
            }
          ],
          "ifs": [
            {
              "type": "x_ticks_condition",
              "map": {
                "tick_rate": 1.0
              }
            }
          ],
          "en_preds": []
        }
      ]
    }
  }
}