{
  "id": "beneficial/5",
  "one_of_a_kind_id": "",
  "type": "beneficial",
  "max_stacks": 3,
  "tags": [
    "positive",
    "heal_over_time"
  ],
  "mc_stats": [],
  "stats": [],
  "spell": {
    "on_cast": [],
    "entity_components": {
      "default_entity_name": [
        {
          "targets": [
            {
              "type": "target",
              "map": {}
            }
          ],
          "acts": [
            {
              "type": "restore_health",
              "map": {
                "value_calculation": "nature_balm"
              }
            }
          ],
          "ifs": [
            {
              "type": "x_ticks_condition",
              "map": {
                "tick_rate": 20.0
              }
            }
          ],
          "en_preds": []
        },
        {
          "targets": [],
          "acts": [
            {
              "type": "particles_in_radius",
              "map": {
                "particle_type": "minecraft:heart",
                "motion": "None",
                "radius": 1.0,
                "particle_count": 5.0
              }
            }
          ],
          "ifs": [
            {
              "type": "x_ticks_condition",
              "map": {
                "tick_rate": 20.0
              }
            }
          ],
          "en_preds": []
        }
      ]
    }
  }
}