{
  "id": "beneficial/6",
  "one_of_a_kind_id": "",
  "type": "beneficial",
  "max_stacks": 1,
  "tags": [
    "positive",
    "defensive"
  ],
  "mc_stats": [],
  "stats": [
    {
      "min": 10.0,
      "max": 25.0,
      "stat": "earth_resist",
      "type": "PERCENT"
    },
    {
      "min": 5.0,
      "max": 10.0,
      "stat": "armor",
      "type": "FLAT"
    },
    {
      "min": 5.0,
      "max": 10.0,
      "stat": "dodge",
      "type": "FLAT"
    }
  ],
  "spell": {
    "on_cast": [],
    "entity_components": {
      "default_entity_name": [
        {
          "targets": [
            {
              "type": "aoe",
              "map": {
                "selection_type": "RADIUS",
                "en_predicate": "enemies",
                "radius": 2.0
              }
            }
          ],
          "acts": [
            {
              "type": "exile_effect",
              "map": {
                "exile_potion_id": "negative/3",
                "potion_action": "GIVE_STACKS",
                "count": 1.0,
                "potion_dur": 80.0
              }
            }
          ],
          "ifs": [
            {
              "type": "x_ticks_condition",
              "map": {
                "tick_rate": 40.0
              }
            }
          ],
          "en_preds": []
        },
        {
          "targets": [],
          "acts": [
            {
              "type": "particles_in_radius",
              "map": {
                "particle_type": "minecraft:item_slime",
                "motion": "None",
                "radius": 1.0,
                "particle_count": 5.0
              }
            }
          ],
          "ifs": [
            {
              "type": "x_ticks_condition",
              "map": {
                "tick_rate": 40.0
              }
            }
          ],
          "en_preds": []
        }
      ]
    }
  }
}